{
    "{\"p0\": 1, \"p1\": \"256\", \"p2\": \"64\", \"p3\": \"64\", \"p4\": \"384\", \"p5\": \"256\", \"p6\": \"384\"}": -1.1865563169291922,
    "{\"p0\": 1, \"p1\": \"64\", \"p2\": \"128\", \"p3\": \"64\", \"p4\": \"384\", \"p5\": \"768\", \"p6\": \"512\"}": -1.2518778167250877,
    "{\"p0\": 10, \"p1\": \"0\", \"p2\": \"128\", \"p3\": \"0\", \"p4\": \"384\", \"p5\": \"1024\", \"p6\": \"512\"}": -3.19514338205927,
    "{\"p0\": 10, \"p1\": \"0\", \"p2\": \"128\", \"p3\": \"256\", \"p4\": \"384\", \"p5\": \"128\", \"p6\": \"1024\"}": -3.0478512648582745,
    "{\"p0\": 10, \"p1\": \"0\", \"p2\": \"128\", \"p3\": \"64\", \"p4\": \"384\", \"p5\": \"256\", \"p6\": \"256\"}": -3.1625553447185326,
    "{\"p0\": 10, \"p1\": \"0\", \"p2\": \"256\", \"p3\": \"64\", \"p4\": \"384\", \"p5\": \"192\", \"p6\": \"192\"}": -3.1159928332164837,
    "{\"p0\": 10, \"p1\": \"128\", \"p2\": \"128\", \"p3\": \"64\", \"p4\": \"384\", \"p5\": \"192\", \"p6\": \"384\"}": -3.145395926712275,
    "{\"p0\": 10, \"p1\": \"256\", \"p2\": \"64\", \"p3\": \"128 \", \"p4\": \"128\", \"p5\": \"384\", \"p6\": \"768\"}": -2.3772732675621064,
    "{\"p0\": 11, \"p1\": \"0\", \"p2\": \"128\", \"p3\": \"0\", \"p4\": \"384\", \"p5\": \"192\", \"p6\": \"192\"}": -3.103421522228257,
    "{\"p0\": 11, \"p1\": \"0\", \"p2\": \"128\", \"p3\": \"64\", \"p4\": \"384\", \"p5\": \"1024\", \"p6\": \"512\"}": -3.189029737702304,
    "{\"p0\": 11, \"p1\": \"0\", \"p2\": \"128\", \"p3\": \"64\", \"p4\": \"384\", \"p5\": \"384\", \"p6\": \"384\"}": -3.1545741324921135,
    "{\"p0\": 11, \"p1\": \"0\", \"p2\": \"128\", \"p3\": \"64\", \"p4\": \"384\", \"p5\": \"768\", \"p6\": \"1024\"}": -3.208470361755033,
    "{\"p0\": 11, \"p1\": \"192\", \"p2\": \"128\", \"p3\": \"64\", \"p4\": \"384\", \"p5\": \"192\", \"p6\": \"384\"}": -3.055300947143294,
    "{\"p0\": 12, \"p1\": \"64\", \"p2\": \"128\", \"p3\": \"64\", \"p4\": \"128\", \"p5\": \"192\", \"p6\": \"512\"}": -2.984183825723665,
    "{\"p0\": 13, \"p1\": \"192\", \"p2\": \"192\", \"p3\": \"192\", \"p4\": \"512\", \"p5\": \"512\", \"p6\": \"768\"}": -3.068661296509398,
    "{\"p0\": 13, \"p1\": \"256\", \"p2\": \"0\", \"p3\": \"64\", \"p4\": \"256\", \"p5\": \"384\", \"p6\": \"768\"}": -2.6937840932049295,
    "{\"p0\": 15, \"p1\": \"64\", \"p2\": \"0\", \"p3\": \"64\", \"p4\": \"384\", \"p5\": \"256\", \"p6\": \"256\"}": -2.912267928649436,
    "{\"p0\": 16, \"p1\": \"192\", \"p2\": \"0\", \"p3\": \"0\", \"p4\": \"128\", \"p5\": \"1024\", \"p6\": \"768\"}": -2.6350461133069825,
    "{\"p0\": 16, \"p1\": \"64\", \"p2\": \"0\", \"p3\": \"64\", \"p4\": \"384\", \"p5\": \"768\", \"p6\": \"512\"}": -2.874389192296637,
    "{\"p0\": 2, \"p1\": \"64\", \"p2\": \"128\", \"p3\": \"0\", \"p4\": \"384\", \"p5\": \"768\", \"p6\": \"192\"}": -2.081165452653486,
    "{\"p0\": 20, \"p1\": \"64\", \"p2\": \"0\", \"p3\": \"256\", \"p4\": \"512\", \"p5\": \"1024\", \"p6\": \"1024\"}": -2.472187886279357,
    "{\"p0\": 28, \"p1\": \"192\", \"p2\": \"128\", \"p3\": \"0\", \"p4\": \"768\", \"p5\": \"384\", \"p6\": \"192\"}": -1.9800999950497502,
    "{\"p0\": 36, \"p1\": \"128\", \"p2\": \"256\", \"p3\": \"128 \", \"p4\": \"384\", \"p5\": \"128\", \"p6\": \"192\"}": -1.5785942618098585,
    "{\"p0\": 40, \"p1\": \"64\", \"p2\": \"128\", \"p3\": \"64\", \"p4\": \"512\", \"p5\": \"384\", \"p6\": \"768\"}": -1.4220705346985212,
    "{\"p0\": 5, \"p1\": \"0\", \"p2\": \"128\", \"p3\": \"64\", \"p4\": \"256\", \"p5\": \"256\", \"p6\": \"256\"}": -2.9012838180895044,
    "{\"p0\": 5, \"p1\": \"128\", \"p2\": \"256\", \"p3\": \"64\", \"p4\": \"384\", \"p5\": \"256\", \"p6\": \"384\"}": -2.914177473408131,
    "{\"p0\": 6, \"p1\": \"0\", \"p2\": \"128\", \"p3\": \"128 \", \"p4\": \"384\", \"p5\": \"128\", \"p6\": \"1024\"}": -3.1259768677711786,
    "{\"p0\": 60, \"p1\": \"0\", \"p2\": \"0\", \"p3\": \"0\", \"p4\": \"384\", \"p5\": \"384\", \"p6\": \"384\"}": -0.9592326139088729,
    "{\"p0\": 7, \"p1\": \"128\", \"p2\": \"192\", \"p3\": \"64\", \"p4\": \"384\", \"p5\": \"256\", \"p6\": \"256\"}": -3.024345985180705,
    "{\"p0\": 7, \"p1\": \"256\", \"p2\": \"192\", \"p3\": \"64\", \"p4\": \"384\", \"p5\": \"256\", \"p6\": \"512\"}": -2.7536830510808206,
    "{\"p0\": 7, \"p1\": \"64\", \"p2\": \"128\", \"p3\": \"0\", \"p4\": \"384\", \"p5\": \"256\", \"p6\": \"384\"}": -3.103662321539417,
    "{\"p0\": 8, \"p1\": \"0\", \"p2\": \"128\", \"p3\": \"128 \", \"p4\": \"384\", \"p5\": \"768\", \"p6\": \"128\"}": 0.0,
    "{\"p0\": 9, \"p1\": \"0\", \"p2\": \"192\", \"p3\": \"64\", \"p4\": \"384\", \"p5\": \"192\", \"p6\": \"128\"}": -3.074794373126297,
    "{\"p0\": 9, \"p1\": \"0\", \"p2\": \"256\", \"p3\": \"64\", \"p4\": \"384\", \"p5\": \"256\", \"p6\": \"1024\"}": -3.1710797526557792,
    "{\"p0\": 9, \"p1\": \"192\", \"p2\": \"128\", \"p3\": \"64\", \"p4\": \"384\", \"p5\": \"256\", \"p6\": \"512\"}": -3.080714725816389,
    "{\"p0\": 9, \"p1\": \"192\", \"p2\": \"64\", \"p3\": \"64\", \"p4\": \"384\", \"p5\": \"256\", \"p6\": \"128\"}": -3.025032140966498,
    "{\"p0\": 9, \"p1\": \"64\", \"p2\": \"0\", \"p3\": \"64\", \"p4\": \"384\", \"p5\": \"128\", \"p6\": \"1024\"}": -3.1441597233139444,
    "{\"p0\": 9, \"p1\": \"64\", \"p2\": \"128\", \"p3\": \"64\", \"p4\": \"384\", \"p5\": \"1024\", \"p6\": \"192\"}": -3.081664098613251
}