{
    "{\"p0\": 1, \"p1\": \"64\", \"p2\": \"128\", \"p3\": \"64\", \"p4\": \"768\", \"p5\": \"768\", \"p6\": \"128\"}": -6.884522283924249,
    "{\"p0\": 10, \"p1\": \"0\", \"p2\": \"192\", \"p3\": \"64\", \"p4\": \"768\", \"p5\": \"768\", \"p6\": \"1024\"}": -50.726538320306354,
    "{\"p0\": 10, \"p1\": \"256\", \"p2\": \"64\", \"p3\": \"128 \", \"p4\": \"128\", \"p5\": \"384\", \"p6\": \"768\"}": -31.455337974107085,
    "{\"p0\": 11, \"p1\": \"0\", \"p2\": \"0\", \"p3\": \"64\", \"p4\": \"768\", \"p5\": \"768\", \"p6\": \"1024\"}": -50.88563099234874,
    "{\"p0\": 11, \"p1\": \"0\", \"p2\": \"128\", \"p3\": \"64\", \"p4\": \"768\", \"p5\": \"768\", \"p6\": \"384\"}": -50.7041958115293,
    "{\"p0\": 12, \"p1\": \"0\", \"p2\": \"128\", \"p3\": \"64\", \"p4\": \"768\", \"p5\": \"768\", \"p6\": \"1024\"}": -51.57883507574142,
    "{\"p0\": 12, \"p1\": \"0\", \"p2\": \"192\", \"p3\": \"256\", \"p4\": \"768\", \"p5\": \"768\", \"p6\": \"256\"}": -48.11424022290775,
    "{\"p0\": 12, \"p1\": \"0\", \"p2\": \"256\", \"p3\": \"64\", \"p4\": \"256\", \"p5\": \"512\", \"p6\": \"192\"}": -47.79084708905802,
    "{\"p0\": 12, \"p1\": \"128\", \"p2\": \"128\", \"p3\": \"64\", \"p4\": \"768\", \"p5\": \"768\", \"p6\": \"384\"}": -49.97106122617719,
    "{\"p0\": 12, \"p1\": \"128\", \"p2\": \"192\", \"p3\": \"64\", \"p4\": \"768\", \"p5\": \"768\", \"p6\": \"192\"}": -49.21169681116348,
    "{\"p0\": 12, \"p1\": \"128\", \"p2\": \"256\", \"p3\": \"64\", \"p4\": \"256\", \"p5\": \"1024\", \"p6\": \"192\"}": -46.41451473552846,
    "{\"p0\": 12, \"p1\": \"128\", \"p2\": \"256\", \"p3\": \"64\", \"p4\": \"256\", \"p5\": \"768\", \"p6\": \"128\"}": -45.369240874542555,
    "{\"p0\": 12, \"p1\": \"192\", \"p2\": \"64\", \"p3\": \"64\", \"p4\": \"768\", \"p5\": \"768\", \"p6\": \"384\"}": -48.147779326827326,
    "{\"p0\": 12, \"p1\": \"256\", \"p2\": \"192\", \"p3\": \"64\", \"p4\": \"768\", \"p5\": \"512\", \"p6\": \"192\"}": -42.05444898669218,
    "{\"p0\": 12, \"p1\": \"64\", \"p2\": \"128\", \"p3\": \"64\", \"p4\": \"128\", \"p5\": \"192\", \"p6\": \"512\"}": -46.16192476608746,
    "{\"p0\": 12, \"p1\": \"64\", \"p2\": \"256\", \"p3\": \"128 \", \"p4\": \"768\", \"p5\": \"768\", \"p6\": \"768\"}": -50.170173909434276,
    "{\"p0\": 13, \"p1\": \"0\", \"p2\": \"192\", \"p3\": \"64\", \"p4\": \"768\", \"p5\": \"768\", \"p6\": \"192\"}": -50.49344681739857,
    "{\"p0\": 13, \"p1\": \"192\", \"p2\": \"128\", \"p3\": \"64\", \"p4\": \"768\", \"p5\": \"768\", \"p6\": \"128\"}": -47.673042792348646,
    "{\"p0\": 13, \"p1\": \"192\", \"p2\": \"192\", \"p3\": \"192\", \"p4\": \"512\", \"p5\": \"512\", \"p6\": \"768\"}": -47.583899222517466,
    "{\"p0\": 13, \"p1\": \"256\", \"p2\": \"0\", \"p3\": \"256\", \"p4\": \"768\", \"p5\": \"768\", \"p6\": \"192\"}": -40.71921846050194,
    "{\"p0\": 14, \"p1\": \"64\", \"p2\": \"128\", \"p3\": \"128 \", \"p4\": \"128\", \"p5\": \"768\", \"p6\": \"192\"}": -46.15751789976134,
    "{\"p0\": 14, \"p1\": \"64\", \"p2\": \"128\", \"p3\": \"64\", \"p4\": \"192\", \"p5\": \"768\", \"p6\": \"384\"}": -48.061630218687874,
    "{\"p0\": 16, \"p1\": \"0\", \"p2\": \"128\", \"p3\": \"128 \", \"p4\": \"768\", \"p5\": \"768\", \"p6\": \"128\"}": -51.28993932193321,
    "{\"p0\": 16, \"p1\": \"128\", \"p2\": \"128\", \"p3\": \"64\", \"p4\": \"768\", \"p5\": \"768\", \"p6\": \"256\"}": -49.69882614147976,
    "{\"p0\": 17, \"p1\": \"128\", \"p2\": \"128\", \"p3\": \"64\", \"p4\": \"192\", \"p5\": \"768\", \"p6\": \"768\"}": -47.63077529307457,
    "{\"p0\": 17, \"p1\": \"192\", \"p2\": \"256\", \"p3\": \"64\", \"p4\": \"768\", \"p5\": \"768\", \"p6\": \"384\"}": -48.99328178990141,
    "{\"p0\": 17, \"p1\": \"64\", \"p2\": \"0\", \"p3\": \"64\", \"p4\": \"768\", \"p5\": \"768\", \"p6\": \"192\"}": -49.72949622528953,
    "{\"p0\": 17, \"p1\": \"64\", \"p2\": \"128\", \"p3\": \"128 \", \"p4\": \"1024\", \"p5\": \"768\", \"p6\": \"192\"}": -50.27032647119983,
    "{\"p0\": 18, \"p1\": \"128\", \"p2\": \"256\", \"p3\": \"64\", \"p4\": \"768\", \"p5\": \"768\", \"p6\": \"768\"}": -50.550461593149805,
    "{\"p0\": 18, \"p1\": \"128\", \"p2\": \"64\", \"p3\": \"64\", \"p4\": \"768\", \"p5\": \"768\", \"p6\": \"384\"}": -50.1904850881837,
    "{\"p0\": 18, \"p1\": \"192\", \"p2\": \"64\", \"p3\": \"64\", \"p4\": \"768\", \"p5\": \"768\", \"p6\": \"1024\"}": -48.692306917630944,
    "{\"p0\": 18, \"p1\": \"64\", \"p2\": \"192\", \"p3\": \"64\", \"p4\": \"768\", \"p5\": \"768\", \"p6\": \"256\"}": -49.38662526429761,
    "{\"p0\": 19, \"p1\": \"0\", \"p2\": \"128\", \"p3\": \"64\", \"p4\": \"512\", \"p5\": \"768\", \"p6\": \"128\"}": -50.18683828108781,
    "{\"p0\": 19, \"p1\": \"0\", \"p2\": \"64\", \"p3\": \"128 \", \"p4\": \"768\", \"p5\": \"768\", \"p6\": \"128\"}": 0.0,
    "{\"p0\": 19, \"p1\": \"128\", \"p2\": \"192\", \"p3\": \"64\", \"p4\": \"768\", \"p5\": \"768\", \"p6\": \"512\"}": -49.93957672722766,
    "{\"p0\": 19, \"p1\": \"64\", \"p2\": \"256\", \"p3\": \"64\", \"p4\": \"768\", \"p5\": \"768\", \"p6\": \"384\"}": -50.08598006919841,
    "{\"p0\": 19, \"p1\": \"64\", \"p2\": \"64\", \"p3\": \"64\", \"p4\": \"768\", \"p5\": \"768\", \"p6\": \"192\"}": -49.530307221078296,
    "{\"p0\": 21, \"p1\": \"64\", \"p2\": \"128\", \"p3\": \"192\", \"p4\": \"768\", \"p5\": \"768\", \"p6\": \"192\"}": -47.31845762380113,
    "{\"p0\": 21, \"p1\": \"64\", \"p2\": \"192\", \"p3\": \"192\", \"p4\": \"768\", \"p5\": \"768\", \"p6\": \"192\"}": -47.383379067032536,
    "{\"p0\": 24, \"p1\": \"64\", \"p2\": \"128\", \"p3\": \"64\", \"p4\": \"512\", \"p5\": \"128\", \"p6\": \"192\"}": -49.252302175861786,
    "{\"p0\": 25, \"p1\": \"64\", \"p2\": \"128\", \"p3\": \"192\", \"p4\": \"768\", \"p5\": \"192\", \"p6\": \"192\"}": -47.06054117189021,
    "{\"p0\": 25, \"p1\": \"64\", \"p2\": \"128\", \"p3\": \"64\", \"p4\": \"768\", \"p5\": \"768\", \"p6\": \"192\"}": -49.18266247571383,
    "{\"p0\": 28, \"p1\": \"192\", \"p2\": \"128\", \"p3\": \"0\", \"p4\": \"768\", \"p5\": \"384\", \"p6\": \"192\"}": -47.88076846900376,
    "{\"p0\": 30, \"p1\": \"64\", \"p2\": \"256\", \"p3\": \"64\", \"p4\": \"768\", \"p5\": \"768\", \"p6\": \"128\"}": -47.79557137208383,
    "{\"p0\": 36, \"p1\": \"128\", \"p2\": \"256\", \"p3\": \"128 \", \"p4\": \"384\", \"p5\": \"128\", \"p6\": \"192\"}": -46.97823552273611,
    "{\"p0\": 40, \"p1\": \"64\", \"p2\": \"128\", \"p3\": \"64\", \"p4\": \"512\", \"p5\": \"384\", \"p6\": \"768\"}": -45.04378610024222,
    "{\"p0\": 60, \"p1\": \"0\", \"p2\": \"0\", \"p3\": \"0\", \"p4\": \"384\", \"p5\": \"384\", \"p6\": \"384\"}": -36.033686093307495,
    "{\"p0\": 8, \"p1\": \"64\", \"p2\": \"128\", \"p3\": \"64\", \"p4\": \"512\", \"p5\": \"1024\", \"p6\": \"192\"}": -46.49038461538461
}