{
    "{\"p0\": 10, \"p1\": \"256\", \"p2\": \"64\", \"p3\": \"128 \", \"p4\": \"128\", \"p5\": \"384\", \"p6\": \"768\"}": -0.12614476373085753,
    "{\"p0\": 12, \"p1\": \"64\", \"p2\": \"128\", \"p3\": \"64\", \"p4\": \"128\", \"p5\": \"192\", \"p6\": \"512\"}": -0.12862067191439008,
    "{\"p0\": 13, \"p1\": \"192\", \"p2\": \"192\", \"p3\": \"192\", \"p4\": \"512\", \"p5\": \"512\", \"p6\": \"768\"}": -0.12787069715104088,
    "{\"p0\": 13, \"p1\": \"256\", \"p2\": \"0\", \"p3\": \"64\", \"p4\": \"256\", \"p5\": \"384\", \"p6\": \"768\"}": -0.1275900785954884,
    "{\"p0\": 14, \"p1\": \"256\", \"p2\": \"0\", \"p3\": \"0\", \"p4\": \"256\", \"p5\": \"512\", \"p6\": \"768\"}": -0.12704865963664083,
    "{\"p0\": 15, \"p1\": \"128\", \"p2\": \"0\", \"p3\": \"64\", \"p4\": \"768\", \"p5\": \"384\", \"p6\": \"768\"}": -0.12429771789389947,
    "{\"p0\": 16, \"p1\": \"192\", \"p2\": \"0\", \"p3\": \"0\", \"p4\": \"128\", \"p5\": \"1024\", \"p6\": \"768\"}": -0.12061562213537896,
    "{\"p0\": 19, \"p1\": \"256\", \"p2\": \"64\", \"p3\": \"64\", \"p4\": \"384\", \"p5\": \"384\", \"p6\": \"768\"}": -0.11196954428395477,
    "{\"p0\": 21, \"p1\": \"0\", \"p2\": \"256\", \"p3\": \"64\", \"p4\": \"128\", \"p5\": \"256\", \"p6\": \"768\"}": 0.0,
    "{\"p0\": 28, \"p1\": \"192\", \"p2\": \"128\", \"p3\": \"0\", \"p4\": \"768\", \"p5\": \"384\", \"p6\": \"192\"}": -0.08173139793383026,
    "{\"p0\": 36, \"p1\": \"128\", \"p2\": \"256\", \"p3\": \"128 \", \"p4\": \"384\", \"p5\": \"128\", \"p6\": \"192\"}": -0.06650528051927322,
    "{\"p0\": 40, \"p1\": \"64\", \"p2\": \"128\", \"p3\": \"64\", \"p4\": \"512\", \"p5\": \"384\", \"p6\": \"768\"}": -0.059896738023647235,
    "{\"p0\": 6, \"p1\": \"256\", \"p2\": \"0\", \"p3\": \"0\", \"p4\": \"1024\", \"p5\": \"1024\", \"p6\": \"512\"}": -0.10829073897600276,
    "{\"p0\": 60, \"p1\": \"0\", \"p2\": \"0\", \"p3\": \"0\", \"p4\": \"384\", \"p5\": \"384\", \"p6\": \"384\"}": -0.04685157421289355
}